goalie,season,goals,shots,avg_goalie_goals,svs%,svs%_average,diff,svs%_rank,good_ranking,rank_gain,games_played
Chad Johnson_2013,2013,53,708,64.24,0.9251,0.9093,0.0159,18,9,9,27
Ben Bishop_2013,2013,133,1759,151.0,0.9244,0.9142,0.0102,19,13,6,63
Cory Schneider_2013,2013,87,1105,98.0,0.9213,0.9113,0.01,25,14,11,45
Ben Scrivens_2013,2013,94,1205,105.47,0.922,0.9125,0.0095,23,15,8,39
Semyon Varlamov_2013,2013,166,2243,186.93,0.926,0.9167,0.0093,14,16,-2,70
Henrik Lundqvist_2013,2013,194,2542,217.23,0.9237,0.9145,0.0091,20,17,3,88
Josh Harding_2013,2013,45,689,50.95,0.9347,0.9261,0.0086,6,18,-12,29
Anton Khudobin_2013,2013,80,1075,89.22,0.9256,0.917,0.0086,16,19,-3,36
Tuukka Rask_2013,2013,139,1987,155.18,0.93,0.9219,0.0081,10,20,-10,70
Carey Price_2013,2013,162,2184,179.07,0.9258,0.918,0.0078,15,21,-6,71
Alex Stalock_2013,2013,43,627,47.78,0.9314,0.9238,0.0076,8,22,-14,27
Jonathan Bernier_2013,2013,138,1786,151.39,0.9227,0.9152,0.0075,21,23,-2,55
Kari Lehtonen_2013,2013,172,2052,183.94,0.9162,0.9104,0.0058,36,26,10,71
Frederik Andersen_2013,2013,79,972,84.36,0.9187,0.9132,0.0055,31,27,4,35
Al Montoya_2013,2013,59,736,62.71,0.9198,0.9148,0.005,30,28,2,28
Jonathan Quick_2013,2013,168,1956,176.25,0.9141,0.9099,0.0042,43,30,13,75
Mike Smith_2013,2013,159,1870,164.92,0.915,0.9118,0.0032,41,32,9,62
Jaroslav Halak_2013,2013,110,1384,114.16,0.9205,0.9175,0.003,27,33,-6,52
Brian Elliott_2013,2013,53,681,54.31,0.9222,0.9202,0.0019,22,35,-13,31
Roberto Luongo_2013,2013,129,1586,130.71,0.9187,0.9176,0.0011,32,36,-4,56
Thomas Greiss_2013,2013,50,625,50.49,0.92,0.9192,0.0008,29,37,-8,25
Jimmy Howard_2013,2013,138,1566,137.28,0.9119,0.9123,-0.0005,48,38,10,54
Sergei Bobrovsky_2013,2013,151,1915,149.52,0.9211,0.9219,-0.0008,26,39,-13,64
Ryan Miller_2013,2013,173,2069,171.33,0.9164,0.9172,-0.0008,35,40,-5,65
Jonas Hiller_2013,2013,128,1432,126.84,0.9106,0.9114,-0.0008,53,41,12,56
Steve Mason_2013,2013,153,1881,151.15,0.9187,0.9196,-0.001,33,42,-9,66
Corey Crawford_2013,2013,179,2121,176.51,0.9156,0.9168,-0.0012,38,43,-5,78
Braden Holtby_2013,2013,126,1475,123.29,0.9146,0.9164,-0.0018,42,45,-3,48
Marc-Andre Fleury_2013,2013,182,2150,177.98,0.9153,0.9172,-0.0019,40,46,-6,77
Jhonas Enroth_2013,2013,73,833,70.83,0.9124,0.915,-0.0026,47,47,0,28
Karri Ramo_2013,2013,97,1090,93.58,0.911,0.9141,-0.0031,50,48,2,40
Evgeni Nabokov_2013,2013,103,1085,99.57,0.9051,0.9082,-0.0032,64,49,15,40
Robin Lehner_2013,2013,99,1141,95.14,0.9132,0.9166,-0.0034,44,51,-7,36
James Reimer_2013,2013,98,1094,93.34,0.9104,0.9147,-0.0043,54,52,2,36
Tim Thomas_2013,2013,128,1391,120.71,0.908,0.9132,-0.0052,58,53,5,49
Eddie Lack_2013,2013,93,1052,87.0,0.9116,0.9173,-0.0057,49,54,-5,41
Ondrej Pavelec_2013,2013,162,1643,152.2,0.9014,0.9074,-0.006,69,55,14,57
Darcy Kuemper_2013,2013,70,828,64.99,0.9155,0.9215,-0.006,39,56,-17,32
Craig Anderson_2013,2013,150,1680,136.82,0.9107,0.9186,-0.0078,51,58,-7,53
Peter Budaj_2013,2013,59,623,53.83,0.9053,0.9136,-0.0083,63,59,4,25
Antti Niemi_2013,2013,167,1869,149.88,0.9106,0.9198,-0.0092,52,61,-9,70
Jonas Gustavsson_2013,2013,74,806,66.41,0.9082,0.9176,-0.0094,57,62,-5,29
Ilya Bryzgalov_2013,2013,102,1073,89.53,0.9049,0.9166,-0.0116,65,63,2,41
Ray Emery_2013,2013,79,800,69.56,0.9012,0.9131,-0.0118,70,64,6,31
Carter Hutton_2013,2013,91,1006,78.62,0.9095,0.9219,-0.0123,55,65,-10,40
Martin Brodeur_2013,2013,96,970,82.39,0.901,0.9151,-0.014,71,67,4,39
Antti Raanta_2013,2013,63,609,54.11,0.8966,0.9111,-0.0146,74,68,6,25
Cam Ward_2013,2013,83,823,70.3,0.8991,0.9146,-0.0154,73,71,2,30
Curtis McElhinney_2013,2013,64,703,52.82,0.909,0.9249,-0.0159,56,72,-16,27
Marek Mazanec_2013,2013,64,650,52.28,0.9015,0.9196,-0.018,68,73,-5,25
Pekka Rinne_2013,2013,63,644,49.57,0.9022,0.923,-0.0209,67,74,-7,24
Devan Dubnyk_2013,2013,103,945,82.88,0.891,0.9123,-0.0213,80,75,5,34
Anders Lindback_2013,2013,76,696,60.53,0.8908,0.913,-0.0222,81,76,5,27
Reto Berra_2013,2013,88,820,69.47,0.8927,0.9153,-0.0226,77,77,0,31
Kevin Poulin_2013,2013,89,820,67.87,0.8915,0.9172,-0.0258,78,81,-3,28
Andrew Hammond_2014,2014,49,788,62.14,0.9378,0.9211,0.0167,8,10,-2,26
Carey Price_2014,2014,158,2305,192.63,0.9315,0.9164,0.015,11,12,-1,78
Cory Schneider_2014,2014,147,1979,175.34,0.9257,0.9114,0.0143,17,13,4,69
Steve Mason_2014,2014,108,1490,128.6,0.9275,0.9137,0.0138,13,14,-1,51
Eddie Lack_2014,2014,104,1288,120.36,0.9193,0.9066,0.0127,26,15,11,45
Semyon Varlamov_2014,2014,141,1791,163.24,0.9213,0.9089,0.0124,22,16,6,57
Corey Crawford_2014,2014,173,2277,198.63,0.924,0.9128,0.0113,19,17,2,77
Braden Holtby_2014,2014,180,2454,206.22,0.9267,0.916,0.0107,14,18,-4,86
Marc-Andre Fleury_2014,2014,157,1980,178.11,0.9207,0.91,0.0107,24,19,5,69
Ondrej Pavelec_2014,2014,123,1490,136.25,0.9174,0.9086,0.0089,33,21,12,54
Devan Dubnyk_2014,2014,139,1885,154.81,0.9263,0.9179,0.0084,15,22,-7,68
Henrik Lundqvist_2014,2014,144,1898,158.46,0.9241,0.9165,0.0076,18,24,-6,65
Cam Talbot_2014,2014,77,1037,84.45,0.9257,0.9186,0.0072,16,25,-9,36
Jaroslav Halak_2014,2014,160,1887,172.71,0.9152,0.9085,0.0067,37,26,11,66
Petr Mrazek_2014,2014,77,953,82.57,0.9192,0.9134,0.0058,27,29,-2,36
Ben Bishop_2014,2014,188,2288,200.87,0.9178,0.9122,0.0056,31,30,1,87
Craig Anderson_2014,2014,91,1274,96.58,0.9286,0.9242,0.0044,12,31,-19,39
Michael Hutchinson_2014,2014,85,986,88.65,0.9138,0.9101,0.0037,45,32,13,38
Roberto Luongo_2014,2014,138,1741,144.43,0.9207,0.917,0.0037,23,33,-10,61
Michal Neuvirth_2014,2014,91,1072,94.04,0.9151,0.9123,0.0028,38,34,4,33
Antti Niemi_2014,2014,155,1811,159.86,0.9144,0.9117,0.0027,42,35,7,61
Jonas Hiller_2014,2014,127,1549,130.64,0.918,0.9157,0.0023,29,36,-7,59
Jonathan Bernier_2014,2014,152,1735,154.83,0.9124,0.9108,0.0016,47,38,9,58
Curtis McElhinney_2014,2014,82,948,83.37,0.9135,0.9121,0.0014,46,39,7,32
Tuukka Rask_2014,2014,156,2011,157.88,0.9224,0.9215,0.0009,20,40,-20,70
Jonathan Quick_2014,2014,156,1896,156.62,0.9177,0.9174,0.0003,32,43,-11,72
Jake Allen_2014,2014,91,1034,91.26,0.912,0.9117,0.0002,48,44,4,43
Sergei Bobrovsky_2014,2014,134,1632,134.26,0.9179,0.9177,0.0002,30,45,-15,51
Karri Ramo_2014,2014,91,1023,90.5,0.911,0.9115,-0.0005,50,46,4,40
Frederik Andersen_2014,2014,162,1906,160.14,0.915,0.916,-0.001,39,48,-9,70
Pekka Rinne_2014,2014,158,2013,155.55,0.9215,0.9227,-0.0012,21,49,-28,70
James Reimer_2014,2014,93,1001,91.47,0.9071,0.9086,-0.0015,59,50,9,35
Brian Elliott_2014,2014,96,1156,93.78,0.917,0.9189,-0.0019,34,52,-18,47
Ryan Miller_2014,2014,112,1264,109.4,0.9114,0.9134,-0.0021,49,53,-4,48
Kari Lehtonen_2014,2014,180,1873,164.99,0.9039,0.9119,-0.008,64,59,5,65
Mike Smith_2014,2014,187,1955,170.84,0.9043,0.9126,-0.0083,63,61,2,62
Jimmy Howard_2014,2014,122,1361,110.4,0.9104,0.9189,-0.0085,53,62,-9,54
Cam Ward_2014,2014,121,1351,109.33,0.9104,0.9191,-0.0086,52,63,-11,51
Jhonas Enroth_2014,2014,145,1504,129.7,0.9036,0.9138,-0.0102,65,65,0,50
Anton Khudobin_2014,2014,87,875,77.59,0.9006,0.9113,-0.0108,68,66,2,34
Darcy Kuemper_2014,2014,68,728,58.27,0.9066,0.92,-0.0134,60,68,-8,32
Anders Lindback_2014,2014,73,797,62.23,0.9084,0.9219,-0.0135,58,69,-11,26
Robin Lehner_2014,2014,74,779,62.35,0.905,0.92,-0.015,62,70,-8,25
Ray Emery_2014,2014,80,758,66.04,0.8945,0.9129,-0.0184,70,72,-2,31
Viktor Fasth_2014,2014,76,681,63.1,0.8884,0.9073,-0.0189,75,73,2,26
Ben Scrivens_2014,2014,169,1541,138.61,0.8903,0.9101,-0.0197,73,74,-1,57
Brian Elliott_2015,2015,120,1658,148.1,0.9276,0.9107,0.0169,9,6,3,59
Michal Neuvirth_2015,2015,71,1013,87.75,0.9299,0.9134,0.0165,6,8,-2,35
Cory Schneider_2015,2015,122,1594,144.52,0.9235,0.9093,0.0141,15,10,5,58
Thomas Greiss_2015,2015,120,1583,138.62,0.9242,0.9124,0.0118,14,13,1,52
Braden Holtby_2015,2015,162,2166,186.28,0.9252,0.914,0.0112,12,14,-2,78
Matt Murray_2015,2015,69,931,79.2,0.9259,0.9149,0.011,10,15,-5,34
Ben Bishop_2015,2015,140,1967,161.25,0.9288,0.918,0.0108,7,16,-9,72
Connor Hellebuyck_2015,2015,56,683,63.04,0.918,0.9077,0.0103,32,17,15,26
Corey Crawford_2015,2015,150,1924,169.77,0.922,0.9118,0.0103,20,18,2,65
Jaroslav Halak_2015,2015,80,984,89.32,0.9187,0.9092,0.0095,31,19,12,36
Al Montoya_2015,2015,49,608,54.73,0.9194,0.91,0.0094,27,20,7,25
Antti Raanta_2015,2015,47,568,52.32,0.9173,0.9079,0.0094,34,21,13,27
Roberto Luongo_2015,2015,156,2025,174.3,0.923,0.9139,0.009,16,22,-6,68
Petr Mrazek_2015,2015,119,1521,129.79,0.9218,0.9147,0.0071,22,24,-2,57
Jacob Markstrom_2015,2015,84,988,90.87,0.915,0.908,0.007,46,25,21,32
James Reimer_2015,2015,89,1135,96.81,0.9216,0.9147,0.0069,23,26,-3,41
Jake Allen_2015,2015,108,1329,115.61,0.9187,0.913,0.0057,30,30,0,51
Joonas Korpisalo_2015,2015,78,969,82.87,0.9195,0.9145,0.005,26,32,-6,31
Frederik Andersen_2015,2015,95,1217,101.06,0.9219,0.917,0.005,21,33,-12,48
Steve Mason_2015,2015,143,1682,151.32,0.915,0.91,0.0049,45,34,11,57
Ryan Miller_2015,2015,136,1632,144.0,0.9167,0.9118,0.0049,38,35,3,51
Chad Johnson_2015,2015,102,1270,107.91,0.9197,0.915,0.0047,25,36,-11,45
Jonathan Quick_2015,2015,164,1951,172.2,0.9159,0.9117,0.0042,42,37,5,73
Tuukka Rask_2015,2015,155,1853,162.28,0.9164,0.9124,0.0039,40,38,2,64
Martin Jones_2015,2015,196,2417,204.11,0.9189,0.9156,0.0034,29,41,-12,89
Andrew Hammond_2015,2015,61,711,63.1,0.9142,0.9113,0.0029,50,42,8,24
Marc-Andre Fleury_2015,2015,135,1695,139.37,0.9204,0.9178,0.0026,24,43,-19,60
Cam Talbot_2015,2015,137,1649,140.95,0.9169,0.9145,0.0024,36,44,-8,56
Andrei Vasilevskiy_2015,2015,78,913,80.18,0.9146,0.9122,0.0024,48,45,3,32
Henrik Lundqvist_2015,2015,171,2056,175.19,0.9168,0.9148,0.002,37,46,-9,70
Scott Darling_2015,2015,67,784,68.16,0.9145,0.9131,0.0015,49,47,2,29
Craig Anderson_2015,2015,161,1914,163.68,0.9159,0.9145,0.0014,43,48,-5,60
Semyon Varlamov_2015,2015,148,1714,150.22,0.9137,0.9124,0.0013,51,49,2,57
John Gibson_2015,2015,85,1053,84.41,0.9193,0.9198,-0.0006,28,50,-22,42
Ondrej Pavelec_2015,2015,88,917,87.34,0.904,0.9048,-0.0007,69,52,17,33
Devan Dubnyk_2015,2015,170,1991,165.27,0.9146,0.917,-0.0024,47,53,-6,73
Mike Smith_2015,2015,77,921,74.65,0.9164,0.9189,-0.0026,39,54,-15,32
Michael Hutchinson_2015,2015,75,805,72.19,0.9068,0.9103,-0.0035,63,55,8,30
Cam Ward_2015,2015,121,1342,115.86,0.9098,0.9137,-0.0038,56,56,0,52
Louis Domingue_2015,2015,100,1141,95.23,0.9124,0.9165,-0.0042,53,57,-4,39
Jonathan Bernier_2015,2015,103,1113,98.13,0.9075,0.9118,-0.0044,59,58,1,38
Karri Ramo_2015,2015,91,1031,85.0,0.9117,0.9176,-0.0058,55,59,-4,37
Jimmy Howard_2015,2015,99,1042,92.58,0.905,0.9111,-0.0062,66,60,6,39
Jonas Gustavsson_2015,2015,57,623,53.14,0.9085,0.9147,-0.0062,58,61,-3,24
Eddie Lack_2015,2015,90,909,83.69,0.901,0.9079,-0.0069,75,63,12,34
Sergei Bobrovsky_2015,2015,97,1047,89.22,0.9074,0.9148,-0.0074,61,65,-4,37
Anders Nilsson_2015,2015,78,789,71.47,0.9011,0.9094,-0.0083,74,66,8,29
Kari Lehtonen_2015,2015,131,1378,118.77,0.9049,0.9138,-0.0089,67,67,0,54
Mike Condon_2015,2015,140,1456,125.41,0.9038,0.9139,-0.01,70,69,1,55
Antti Niemi_2015,2015,130,1340,116.43,0.903,0.9131,-0.0101,72,70,2,52
Pekka Rinne_2015,2015,199,2148,171.38,0.9074,0.9202,-0.0129,60,74,-14,80
Jonas Hiller_2015,2015,79,654,59.18,0.8792,0.9095,-0.0303,82,80,2,26
Sergei Bobrovsky_2016,2016,147,2024,181.49,0.9274,0.9103,0.017,8,11,-3,68
Anders Nilsson_2016,2016,65,857,78.9,0.9242,0.9079,0.0162,14,12,2,26
Philipp Grubauer_2016,2016,45,594,54.08,0.9242,0.909,0.0153,13,13,0,24
Matt Murray_2016,2016,130,1753,153.6,0.9258,0.9124,0.0135,11,16,-5,60
John Gibson_2016,2016,147,1903,170.99,0.9228,0.9101,0.0126,18,17,1,68
Cam Talbot_2016,2016,204,2555,236.07,0.9202,0.9076,0.0126,24,18,6,86
Scott Darling_2016,2016,67,877,76.49,0.9236,0.9128,0.0108,16,19,-3,32
Braden Holtby_2016,2016,160,2055,181.08,0.9221,0.9119,0.0103,19,20,-1,76
Jimmy Howard_2016,2016,49,674,55.5,0.9273,0.9177,0.0096,9,22,-13,26
Carey Price_2016,2016,150,1973,166.8,0.924,0.9155,0.0085,15,23,-8,68
Roberto Luongo_2016,2016,103,1217,113.15,0.9154,0.907,0.0083,37,24,13,40
Antti Raanta_2016,2016,61,782,66.94,0.922,0.9144,0.0076,20,26,-6,29
Frederik Andersen_2016,2016,186,2260,203.13,0.9177,0.9101,0.0076,29,27,2,72
James Reimer_2016,2016,98,1222,106.97,0.9198,0.9125,0.0073,25,29,-4,42
Keith Kinkaid_2016,2016,65,778,70.12,0.9165,0.9099,0.0066,35,30,5,26
Craig Anderson_2016,2016,137,1836,148.54,0.9254,0.9191,0.0063,12,31,-19,59
Andrei Vasilevskiy_2016,2016,122,1479,131.23,0.9175,0.9113,0.0062,30,32,-2,50
Marc-Andre Fleury_2016,2016,143,1670,152.03,0.9144,0.909,0.0054,41,33,8,53
Corey Crawford_2016,2016,150,1814,159.75,0.9173,0.9119,0.0054,31,34,-3,59
Mike Smith_2016,2016,155,1817,164.59,0.9147,0.9094,0.0053,40,35,5,55
Jacob Markstrom_2016,2016,62,693,65.24,0.9105,0.9059,0.0047,51,36,15,25
Martin Jones_2016,2016,163,1893,171.25,0.9139,0.9095,0.0044,42,37,5,71
Chad Johnson_2016,2016,88,989,92.16,0.911,0.9068,0.0042,50,38,12,37
Robin Lehner_2016,2016,152,1911,159.04,0.9205,0.9168,0.0037,23,40,-17,59
Ryan Miller_2016,2016,150,1736,156.21,0.9136,0.91,0.0036,44,41,3,54
Jaroslav Halak_2016,2016,75,885,77.73,0.9153,0.9122,0.0031,38,42,-4,28
Pekka Rinne_2016,2016,186,2355,192.15,0.921,0.9184,0.0026,21,43,-22,83
Thomas Greiss_2016,2016,125,1451,127.69,0.9139,0.912,0.0019,43,44,-1,51
Ben Bishop_2016,2016,94,1039,95.47,0.9095,0.9081,0.0014,52,46,6,39
Cory Schneider_2016,2016,161,1778,161.86,0.9094,0.909,0.0005,53,49,4,60
Tuukka Rask_2016,2016,152,1798,152.61,0.9155,0.9151,0.0003,36,50,-14,71
Peter Budaj_2016,2016,120,1414,119.92,0.9151,0.9152,-0.0001,39,51,-12,59
Devan Dubnyk_2016,2016,151,1975,150.6,0.9235,0.9237,-0.0002,17,52,-35,70
Henrik Lundqvist_2016,2016,177,2044,176.59,0.9134,0.9136,-0.0002,45,53,-8,69
Jake Allen_2016,2016,160,1956,156.21,0.9182,0.9201,-0.0019,28,54,-26,72
Brian Elliott_2016,2016,132,1439,129.06,0.9083,0.9103,-0.002,55,55,0,53
Kari Lehtonen_2016,2016,150,1545,145.77,0.9029,0.9056,-0.0027,63,56,7,59
Steve Mason_2016,2016,143,1556,138.66,0.9081,0.9109,-0.0028,56,57,-1,58
Mike Condon_2016,2016,100,1153,96.76,0.9133,0.9161,-0.0028,46,58,-12,43
Jonathan Bernier_2016,2016,93,1061,90.0,0.9123,0.9152,-0.0028,48,59,-11,42
Carter Hutton_2016,2016,58,663,55.35,0.9125,0.9165,-0.004,47,60,-13,29
Louis Domingue_2016,2016,81,887,76.69,0.9087,0.9135,-0.0049,54,63,-9,31
Connor Hellebuyck_2016,2016,146,1573,134.74,0.9072,0.9143,-0.0072,57,65,-8,56
Cam Ward_2016,2016,162,1711,146.86,0.9053,0.9142,-0.0088,58,67,-9,61
Petr Mrazek_2016,2016,145,1463,129.04,0.9009,0.9118,-0.0109,66,68,-2,50
Michael Hutchinson_2016,2016,67,691,58.99,0.903,0.9146,-0.0116,62,69,-7,28
Calvin Pickard_2016,2016,140,1461,119.68,0.9042,0.9181,-0.0139,60,70,-10,50
Semyon Varlamov_2016,2016,76,744,64.41,0.8978,0.9134,-0.0156,68,71,-3,24
Antti Niemi_2016,2016,95,881,79.59,0.8922,0.9097,-0.0175,71,72,-1,37
Michal Neuvirth_2016,2016,64,586,50.86,0.8908,0.9132,-0.0224,72,79,-7,28
Roberto Luongo_2017,2017,81,1143,105.31,0.9291,0.9079,0.0213,9,7,2,35
Carter Hutton_2017,2017,55,809,71.08,0.932,0.9121,0.0199,5,8,-3,31
Juuse Saros_2017,2017,63,851,79.27,0.926,0.9068,0.0191,12,9,3,30
Corey Crawford_2017,2017,59,840,72.84,0.9298,0.9133,0.0165,7,11,-4,28
Ryan Miller_2017,2017,56,751,68.25,0.9254,0.9091,0.0163,13,12,1,28
Antti Raanta_2017,2017,97,1388,117.73,0.9301,0.9152,0.0149,6,14,-8,47
Marc-Andre Fleury_2017,2017,147,2016,174.83,0.9271,0.9133,0.0138,10,16,-6,66
Philipp Grubauer_2017,2017,80,1001,92.12,0.9201,0.908,0.0121,20,17,3,37
Jonathan Quick_2017,2017,153,1996,175.3,0.9233,0.9122,0.0112,17,18,-1,68
John Gibson_2017,2017,152,1990,171.43,0.9236,0.9139,0.0098,15,19,-4,64
Darcy Kuemper_2017,2017,67,833,74.58,0.9196,0.9105,0.0091,22,20,2,29
Sergei Bobrovsky_2017,2017,180,2214,198.85,0.9187,0.9102,0.0085,24,21,3,71
Pekka Rinne_2017,2017,169,2204,187.71,0.9233,0.9148,0.0085,18,22,-4,72
Mike Smith_2017,2017,141,1685,153.98,0.9163,0.9086,0.0077,29,23,6,55
Andrei Vasilevskiy_2017,2017,209,2597,227.86,0.9195,0.9123,0.0073,23,24,-1,82
James Reimer_2017,2017,118,1371,126.53,0.9139,0.9077,0.0062,34,26,8,44
Semyon Varlamov_2017,2017,128,1595,137.54,0.9197,0.9138,0.006,21,27,-6,51
Connor Hellebuyck_2017,2017,196,2559,211.03,0.9234,0.9175,0.0059,16,28,-12,84
Martin Jones_2017,2017,167,2003,178.55,0.9166,0.9109,0.0058,27,29,-2,70
Anton Khudobin_2017,2017,76,883,80.55,0.9139,0.9088,0.0052,35,30,5,32
Frederik Andersen_2017,2017,205,2431,216.45,0.9157,0.911,0.0047,30,31,-1,73
Tuukka Rask_2017,2017,158,1853,166.68,0.9147,0.9101,0.0047,32,32,0,66
Cory Schneider_2017,2017,120,1347,125.63,0.9109,0.9067,0.0042,41,34,7,44
Antti Niemi_2017,2017,63,710,65.79,0.9113,0.9073,0.0039,39,35,4,24
Aaron Dell_2017,2017,69,802,71.58,0.914,0.9107,0.0032,33,36,-3,31
Braden Holtby_2017,2017,203,2287,206.97,0.9112,0.9095,0.0017,40,38,2,77
Ben Bishop_2017,2017,120,1437,121.93,0.9165,0.9151,0.0013,28,39,-11,53
Henrik Lundqvist_2017,2017,172,2033,173.34,0.9154,0.9147,0.0007,31,40,-9,63
Cam Talbot_2017,2017,187,2036,182.46,0.9082,0.9104,-0.0022,52,44,8,67
Anton Forsberg_2017,2017,85,920,82.32,0.9076,0.9105,-0.0029,54,47,7,34
Jacob Markstrom_2017,2017,152,1745,146.82,0.9129,0.9159,-0.003,36,48,-12,60
Keith Kinkaid_2017,2017,115,1260,111.06,0.9087,0.9119,-0.0031,48,49,-1,43
Jimmy Howard_2017,2017,160,1769,154.04,0.9096,0.9129,-0.0034,46,50,-4,60
Tristan Jarry_2017,2017,63,687,60.2,0.9083,0.9124,-0.0041,50,53,-3,26
Jaroslav Halak_2017,2017,160,1743,151.56,0.9082,0.913,-0.0048,51,54,-3,54
Michal Neuvirth_2017,2017,56,602,52.83,0.907,0.9122,-0.0053,56,55,1,24
Brian Elliott_2017,2017,125,1323,117.53,0.9055,0.9112,-0.0056,62,57,5,47
Matt Murray_2017,2017,162,1736,150.85,0.9067,0.9131,-0.0064,57,58,-1,61
Alex Stalock_2017,2017,72,802,66.4,0.9102,0.9172,-0.007,43,60,-17,29
Robin Lehner_2017,2017,142,1560,130.85,0.909,0.9161,-0.0071,47,62,-15,53
Devan Dubnyk_2017,2017,159,1920,144.7,0.9172,0.9246,-0.0074,26,63,-37,65
Kari Lehtonen_2017,2017,83,946,75.86,0.9123,0.9198,-0.0075,37,64,-27,37
Anders Nilsson_2017,2017,83,849,75.97,0.9022,0.9105,-0.0083,65,65,0,27
Jonathan Bernier_2017,2017,109,1213,97.9,0.9101,0.9193,-0.0091,44,67,-23,41
Petr Mrazek_2017,2017,108,1094,97.04,0.9013,0.9113,-0.01,66,68,-2,40
Cam Ward_2017,2017,112,1187,100.03,0.9056,0.9157,-0.0101,61,69,-8,43
Jake Allen_2017,2017,152,1614,132.62,0.9058,0.9178,-0.012,60,71,-11,59
Mike Condon_2017,2017,87,897,76.01,0.903,0.9153,-0.0123,64,72,-8,31
Craig Anderson_2017,2017,180,1767,153.38,0.8981,0.9132,-0.0151,70,74,-4,58
Carey Price_2017,2017,148,1486,124.97,0.9004,0.9159,-0.0155,67,75,-8,49
Chad Johnson_2017,2017,105,963,85.02,0.891,0.9117,-0.0208,79,81,-2,36
Scott Darling_2017,2017,131,1170,103.2,0.888,0.9118,-0.0238,81,82,-1,43
Thomas Greiss_2017,2017,95,879,74.02,0.8919,0.9158,-0.0239,78,83,-5,27
Robin Lehner_2018,2018,109,1556,134.58,0.9299,0.9135,0.0164,5,4,1,54
Jaroslav Halak_2018,2018,90,1157,107.69,0.9222,0.9069,0.0153,14,6,8,40
Ben Bishop_2018,2018,117,1752,143.25,0.9332,0.9182,0.015,4,7,-3,59
Thomas Greiss_2018,2018,89,1195,104.99,0.9255,0.9121,0.0134,10,8,2,44
Jack Campbell_2018,2018,61,845,70.56,0.9278,0.9165,0.0113,8,10,-2,31
John Gibson_2018,2018,155,1842,174.6,0.9159,0.9052,0.0106,25,11,14,58
Darcy Kuemper_2018,2018,122,1665,138.75,0.9267,0.9167,0.0101,9,12,-3,55
Tuukka Rask_2018,2018,158,1986,174.78,0.9204,0.912,0.0085,15,13,2,70
Anton Khudobin_2018,2018,95,1234,103.29,0.923,0.9163,0.0067,13,15,-2,42
Curtis McElhinney_2018,2018,95,1097,102.18,0.9134,0.9069,0.0065,29,16,13,38
Andrei Vasilevskiy_2018,2018,144,1810,155.79,0.9204,0.9139,0.0065,16,17,-1,57
Pekka Rinne_2018,2018,146,1758,155.44,0.917,0.9116,0.0054,22,18,4,62
Marc-Andre Fleury_2018,2018,174,1975,183.97,0.9119,0.9068,0.005,35,19,16,68
Jordan Binnington_2018,2018,123,1530,129.55,0.9196,0.9153,0.0043,18,22,-4,58
Frederik Andersen_2018,2018,183,2202,191.19,0.9169,0.9132,0.0037,23,23,0,67
Alexandar Georgiev_2018,2018,92,1058,95.84,0.913,0.9094,0.0036,31,24,7,33
Sergei Bobrovsky_2018,2018,177,2086,184.42,0.9151,0.9116,0.0036,27,25,2,72
Matt Murray_2018,2018,141,1719,146.94,0.918,0.9145,0.0035,20,26,-6,54
Philipp Grubauer_2018,2018,118,1444,122.44,0.9183,0.9152,0.0031,19,28,-9,49
Juuse Saros_2018,2018,76,892,78.49,0.9148,0.912,0.0028,28,29,-1,32
Casey DeSmith_2018,2018,89,1057,91.89,0.9158,0.9131,0.0027,26,30,-4,36
Jimmy Howard_2018,2018,155,1709,158.04,0.9093,0.9075,0.0018,40,31,9,55
Carter Hart_2018,2018,82,977,82.94,0.9161,0.9151,0.001,24,33,-9,31
Petr Mrazek_2018,2018,125,1385,125.92,0.9097,0.9091,0.0007,39,34,5,51
Carey Price_2018,2018,162,1952,162.98,0.917,0.9165,0.0005,21,35,-14,66
Jacob Markstrom_2018,2018,165,1892,165.68,0.9128,0.9124,0.0004,32,36,-4,60
Corey Crawford_2018,2018,108,1175,108.27,0.9081,0.9079,0.0002,45,38,7,39
Braden Holtby_2018,2018,181,2027,179.02,0.9107,0.9117,-0.001,38,39,-1,66
Connor Hellebuyck_2018,2018,195,2230,192.5,0.9126,0.9137,-0.0011,33,40,-7,69
Semyon Varlamov_2018,2018,137,1497,135.29,0.9085,0.9096,-0.0011,42,41,1,49
Brian Elliott_2018,2018,70,741,68.92,0.9055,0.907,-0.0015,49,42,7,26
David Rittich_2018,2018,109,1228,105.81,0.9112,0.9138,-0.0026,37,43,-6,45
Mike Smith_2018,2018,125,1270,120.65,0.9016,0.905,-0.0034,58,44,14,47
Louis Domingue_2018,2018,75,813,72.03,0.9077,0.9114,-0.0037,46,45,1,26
Mikko Koskinen_2018,2018,146,1548,139.17,0.9057,0.9101,-0.0044,48,46,2,55
Anders Nilsson_2018,2018,99,1084,93.46,0.9087,0.9138,-0.0051,41,47,-6,36
Carter Hutton_2018,2018,141,1539,132.53,0.9084,0.9139,-0.0055,44,48,-4,50
Henrik Lundqvist_2018,2018,158,1697,146.21,0.9069,0.9138,-0.0069,47,50,-3,52
James Reimer_2018,2018,92,924,85.54,0.9004,0.9074,-0.007,60,51,9,36
Pheonix Copley_2018,2018,75,773,69.4,0.903,0.9102,-0.0072,54,52,2,27
Devan Dubnyk_2018,2018,165,1877,151.27,0.9121,0.9194,-0.0073,34,53,-19,67
Jake Allen_2018,2018,122,1280,112.48,0.9047,0.9121,-0.0074,52,54,-2,47
Jonathan Bernier_2018,2018,100,1027,91.94,0.9026,0.9105,-0.0078,56,56,0,35
Linus Ullmark_2018,2018,109,1146,98.26,0.9049,0.9143,-0.0094,51,57,-6,37
Martin Jones_2018,2018,233,2263,210.95,0.897,0.9068,-0.0097,67,58,9,82
Roberto Luongo_2018,2018,122,1204,109.77,0.8987,0.9088,-0.0102,61,59,2,43
Craig Anderson_2018,2018,162,1672,144.7,0.9031,0.9135,-0.0103,53,60,-7,50
Cory Schneider_2018,2018,70,720,61.47,0.9028,0.9146,-0.0118,55,62,-7,26
Cam Ward_2018,2018,116,1113,102.59,0.8958,0.9078,-0.012,68,63,5,33
Joonas Korpisalo_2018,2018,67,651,56.86,0.8971,0.9127,-0.0156,66,67,-1,27
Cam Talbot_2018,2018,107,996,86.45,0.8926,0.9132,-0.0206,70,70,0,35
Keith Kinkaid_2018,2018,129,1187,103.99,0.8913,0.9124,-0.0211,71,71,0,41
Jonathan Quick_2018,2018,150,1330,119.36,0.8872,0.9103,-0.023,74,72,2,46
Aaron Dell_2018,2018,75,648,59.38,0.8843,0.9084,-0.0241,79,74,5,27
